image,label
001-001,0
001-002,0
001-003,0
001-004,0
001-005,0
001-006,0
001-007,0
001-008,0
001-009,0
001-010,0
001-011,0
001-012,0
001-013,0
001-014,0
001-015,0
001-016,0
001-017,0
001-018,0
001-019,0
001-020,0
001-021,0
001-022,0
001-023,0
001-024,0
001-025,0
001-026,0
001-027,0
001-028,0
001-029,0
001-030,0
001-031,0
001-032,0
001-033,0
001-034,0
001-035,0
001-036,0
001-037,0
001-038,0
001-039,0
001-040,0
001-041,0
001-042,0
001-043,0
001-044,0
001-045,0
001-046,0
001-047,0
001-048,0
001-049,0
001-050,0
001-051,0
001-052,0
001-053,0
001-054,0
001-055,0
002-001,1
002-002,1
002-003,1
002-004,1
002-005,1
002-006,1
002-007,1
002-008,1
002-009,1
002-010,1
002-011,1
002-012,1
002-013,1
002-014,1
002-015,1
002-016,1
002-017,1
002-018,1
002-019,1
002-020,1
002-021,1
002-022,1
002-023,1
002-024,1
002-025,1
002-026,1
002-027,1
002-028,1
002-029,1
002-030,1
002-031,1
002-032,1
002-033,1
002-034,1
002-035,1
002-036,1
002-037,1
002-038,1
002-039,1
002-040,1
002-041,1
002-042,1
002-043,1
002-044,1
002-045,1
002-046,1
002-047,1
002-048,1
002-049,1
002-050,1
002-051,1
002-052,1
002-053,1
002-054,1
002-055,1
003-001,2
003-002,2
003-003,2
003-004,2
003-005,2
003-006,2
003-007,2
003-008,2
003-009,2
003-010,2
003-011,2
003-012,2
003-013,2
003-014,2
003-015,2
003-016,2
003-017,2
003-018,2
003-019,2
003-020,2
003-021,2
003-022,2
003-023,2
003-024,2
003-025,2
003-026,2
003-027,2
003-028,2
003-029,2
003-030,2
003-031,2
003-032,2
003-033,2
003-034,2
003-035,2
003-036,2
003-037,2
003-038,2
003-039,2
003-040,2
003-041,2
003-042,2
003-043,2
003-044,2
003-045,2
003-046,2
003-047,2
003-048,2
003-049,2
003-050,2
003-051,2
003-052,2
003-053,2
003-054,2
003-055,2
004-001,3
004-002,3
004-003,3
004-004,3
004-005,3
004-006,3
004-007,3
004-008,3
004-009,3
004-010,3
004-011,3
004-012,3
004-013,3
004-014,3
004-015,3
004-016,3
004-017,3
004-018,3
004-019,3
004-020,3
004-021,3
004-022,3
004-023,3
004-024,3
004-025,3
004-026,3
004-027,3
004-028,3
004-029,3
004-030,3
004-031,3
004-032,3
004-033,3
004-034,3
004-035,3
004-036,3
004-037,3
004-038,3
004-039,3
004-040,3
004-041,3
004-042,3
004-043,3
004-044,3
004-045,3
004-046,3
004-047,3
004-048,3
004-049,3
004-050,3
004-051,3
004-052,3
004-053,3
004-054,3
004-055,3
005-001,4
005-002,4
005-003,4
005-004,4
005-005,4
005-006,4
005-007,4
005-008,4
005-009,4
005-010,4
005-011,4
005-012,4
005-013,4
005-014,4
005-015,4
005-016,4
005-017,4
005-018,4
005-019,4
005-020,4
005-021,4
005-022,4
005-023,4
005-024,4
005-025,4
005-026,4
005-027,4
005-028,4
005-029,4
005-030,4
005-031,4
005-032,4
005-033,4
005-034,4
005-035,4
005-036,4
005-037,4
005-038,4
005-039,4
005-040,4
005-041,4
005-042,4
005-043,4
005-044,4
005-045,4
005-046,4
005-047,4
005-048,4
005-049,4
005-050,4
005-051,4
005-052,4
005-053,4
005-054,4
005-055,4
006-001,5
006-002,5
006-003,5
006-004,5
006-005,5
006-006,5
006-007,5
006-008,5
006-009,5
006-010,5
006-011,5
006-012,5
006-013,5
006-014,5
006-015,5
006-016,5
006-017,5
006-018,5
006-019,5
006-020,5
006-021,5
006-022,5
006-023,5
006-024,5
006-025,5
006-026,5
006-027,5
006-028,5
006-029,5
006-030,5
006-031,5
006-032,5
006-033,5
006-034,5
006-035,5
006-036,5
006-037,5
006-038,5
006-039,5
006-040,5
006-041,5
006-042,5
006-043,5
006-044,5
006-045,5
006-046,5
006-047,5
006-048,5
006-049,5
006-050,5
006-051,5
006-052,5
006-053,5
006-054,5
006-055,5
007-001,6
007-002,6
007-003,6
007-004,6
007-005,6
007-006,6
007-007,6
007-008,6
007-009,6
007-010,6
007-011,6
007-012,6
007-013,6
007-014,6
007-015,6
007-016,6
007-017,6
007-018,6
007-019,6
007-020,6
007-021,6
007-022,6
007-023,6
007-024,6
007-025,6
007-026,6
007-027,6
007-028,6
007-029,6
007-030,6
007-031,6
007-032,6
007-033,6
007-034,6
007-035,6
007-036,6
007-037,6
007-038,6
007-039,6
007-040,6
007-041,6
007-042,6
007-043,6
007-044,6
007-045,6
007-046,6
007-047,6
007-048,6
007-049,6
007-050,6
007-051,6
007-052,6
007-053,6
007-054,6
007-055,6
008-001,7
008-002,7
008-003,7
008-004,7
008-005,7
008-006,7
008-007,7
008-008,7
008-009,7
008-010,7
008-011,7
008-012,7
008-013,7
008-014,7
008-015,7
008-016,7
008-017,7
008-018,7
008-019,7
008-020,7
008-021,7
008-022,7
008-023,7
008-024,7
008-025,7
008-026,7
008-027,7
008-028,7
008-029,7
008-030,7
008-031,7
008-032,7
008-033,7
008-034,7
008-035,7
008-036,7
008-037,7
008-038,7
008-039,7
008-040,7
008-041,7
008-042,7
008-043,7
008-044,7
008-045,7
008-046,7
008-047,7
008-048,7
008-049,7
008-050,7
008-051,7
008-052,7
008-053,7
008-054,7
008-055,7
009-001,8
009-002,8
009-003,8
009-004,8
009-005,8
009-006,8
009-007,8
009-008,8
009-009,8
009-010,8
009-011,8
009-012,8
009-013,8
009-014,8
009-015,8
009-016,8
009-017,8
009-018,8
009-019,8
009-020,8
009-021,8
009-022,8
009-023,8
009-024,8
009-025,8
009-026,8
009-027,8
009-028,8
009-029,8
009-030,8
009-031,8
009-032,8
009-033,8
009-034,8
009-035,8
009-036,8
009-037,8
009-038,8
009-039,8
009-040,8
009-041,8
009-042,8
009-043,8
009-044,8
009-045,8
009-046,8
009-047,8
009-048,8
009-049,8
009-050,8
009-051,8
009-052,8
009-053,8
009-054,8
009-055,8
010-001,9
010-002,9
010-003,9
010-004,9
010-005,9
010-006,9
010-007,9
010-008,9
010-009,9
010-010,9
010-011,9
010-012,9
010-013,9
010-014,9
010-015,9
010-016,9
010-017,9
010-018,9
010-019,9
010-020,9
010-021,9
010-022,9
010-023,9
010-024,9
010-025,9
010-026,9
010-027,9
010-028,9
010-029,9
010-030,9
010-031,9
010-032,9
010-033,9
010-034,9
010-035,9
010-036,9
010-037,9
010-038,9
010-039,9
010-040,9
010-041,9
010-042,9
010-043,9
010-044,9
010-045,9
010-046,9
010-047,9
010-048,9
010-049,9
010-050,9
010-051,9
010-052,9
010-053,9
010-054,9
010-055,9
011-001,A
011-002,A
011-003,A
011-004,A
011-005,A
011-006,A
011-007,A
011-008,A
011-009,A
011-010,A
011-011,A
011-012,A
011-013,A
011-014,A
011-015,A
011-016,A
011-017,A
011-018,A
011-019,A
011-020,A
011-021,A
011-022,A
011-023,A
011-024,A
011-025,A
011-026,A
011-027,A
011-028,A
011-029,A
011-030,A
011-031,A
011-032,A
011-033,A
011-034,A
011-035,A
011-036,A
011-037,A
011-038,A
011-039,A
011-040,A
011-041,A
011-042,A
011-043,A
011-044,A
011-045,A
011-046,A
011-047,A
011-048,A
011-049,A
011-050,A
011-051,A
011-052,A
011-053,A
011-054,A
011-055,A
012-001,B
012-002,B
012-003,B
012-004,B
012-005,B
012-006,B
012-007,B
012-008,B
012-009,B
012-010,B
012-011,B
012-012,B
012-013,B
012-014,B
012-015,B
012-016,B
012-017,B
012-018,B
012-019,B
012-020,B
012-021,B
012-022,B
012-023,B
012-024,B
012-025,B
012-026,B
012-027,B
012-028,B
012-029,B
012-030,B
012-031,B
012-032,B
012-033,B
012-034,B
012-035,B
012-036,B
012-037,B
012-038,B
012-039,B
012-040,B
012-041,B
012-042,B
012-043,B
012-044,B
012-045,B
012-046,B
012-047,B
012-048,B
012-049,B
012-050,B
012-051,B
012-052,B
012-053,B
012-054,B
012-055,B
013-001,C
013-002,C
013-003,C
013-004,C
013-005,C
013-006,C
013-007,C
013-008,C
013-009,C
013-010,C
013-011,C
013-012,C
013-013,C
013-014,C
013-015,C
013-016,C
013-017,C
013-018,C
013-019,C
013-020,C
013-021,C
013-022,C
013-023,C
013-024,C
013-025,C
013-026,C
013-027,C
013-028,C
013-029,C
013-030,C
013-031,C
013-032,C
013-033,C
013-034,C
013-035,C
013-036,C
013-037,C
013-038,C
013-039,C
013-040,C
013-041,C
013-042,C
013-043,C
013-044,C
013-045,C
013-046,C
013-047,C
013-048,C
013-049,C
013-050,C
013-051,C
013-052,C
013-053,C
013-054,C
013-055,C
014-001,D
014-002,D
014-003,D
014-004,D
014-005,D
014-006,D
014-007,D
014-008,D
014-009,D
014-010,D
014-011,D
014-012,D
014-013,D
014-014,D
014-015,D
014-016,D
014-017,D
014-018,D
014-019,D
014-020,D
014-021,D
014-022,D
014-023,D
014-024,D
014-025,D
014-026,D
014-027,D
014-028,D
014-029,D
014-030,D
014-031,D
014-032,D
014-033,D
014-034,D
014-035,D
014-036,D
014-037,D
014-038,D
014-039,D
014-040,D
014-041,D
014-042,D
014-043,D
014-044,D
014-045,D
014-046,D
014-047,D
014-048,D
014-049,D
014-050,D
014-051,D
014-052,D
014-053,D
014-054,D
014-055,D
015-001,E
015-002,E
015-003,E
015-004,E
015-005,E
015-006,E
015-007,E
015-008,E
015-009,E
015-010,E
015-011,E
015-012,E
015-013,E
015-014,E
015-015,E
015-016,E
015-017,E
015-018,E
015-019,E
015-020,E
015-021,E
015-022,E
015-023,E
015-024,E
015-025,E
015-026,E
015-027,E
015-028,E
015-029,E
015-030,E
015-031,E
015-032,E
015-033,E
015-034,E
015-035,E
015-036,E
015-037,E
015-038,E
015-039,E
015-040,E
015-041,E
015-042,E
015-043,E
015-044,E
015-045,E
015-046,E
015-047,E
015-048,E
015-049,E
015-050,E
015-051,E
015-052,E
015-053,E
015-054,E
015-055,E
016-001,F
016-002,F
016-003,F
016-004,F
016-005,F
016-006,F
016-007,F
016-008,F
016-009,F
016-010,F
016-011,F
016-012,F
016-013,F
016-014,F
016-015,F
016-016,F
016-017,F
016-018,F
016-019,F
016-020,F
016-021,F
016-022,F
016-023,F
016-024,F
016-025,F
016-026,F
016-027,F
016-028,F
016-029,F
016-030,F
016-031,F
016-032,F
016-033,F
016-034,F
016-035,F
016-036,F
016-037,F
016-038,F
016-039,F
016-040,F
016-041,F
016-042,F
016-043,F
016-044,F
016-045,F
016-046,F
016-047,F
016-048,F
016-049,F
016-050,F
016-051,F
016-052,F
016-053,F
016-054,F
016-055,F
017-001,G
017-002,G
017-003,G
017-004,G
017-005,G
017-006,G
017-007,G
017-008,G
017-009,G
017-010,G
017-011,G
017-012,G
017-013,G
017-014,G
017-015,G
017-016,G
017-017,G
017-018,G
017-019,G
017-020,G
017-021,G
017-022,G
017-023,G
017-024,G
017-025,G
017-026,G
017-027,G
017-028,G
017-029,G
017-030,G
017-031,G
017-032,G
017-033,G
017-034,G
017-035,G
017-036,G
017-037,G
017-038,G
017-039,G
017-040,G
017-041,G
017-042,G
017-043,G
017-044,G
017-045,G
017-046,G
017-047,G
017-048,G
017-049,G
017-050,G
017-051,G
017-052,G
017-053,G
017-054,G
017-055,G
018-001,H
018-002,H
018-003,H
018-004,H
018-005,H
018-006,H
018-007,H
018-008,H
018-009,H
018-010,H
018-011,H
018-012,H
018-013,H
018-014,H
018-015,H
018-016,H
018-017,H
018-018,H
018-019,H
018-020,H
018-021,H
018-022,H
018-023,H
018-024,H
018-025,H
018-026,H
018-027,H
018-028,H
018-029,H
018-030,H
018-031,H
018-032,H
018-033,H
018-034,H
018-035,H
018-036,H
018-037,H
018-038,H
018-039,H
018-040,H
018-041,H
018-042,H
018-043,H
018-044,H
018-045,H
018-046,H
018-047,H
018-048,H
018-049,H
018-050,H
018-051,H
018-052,H
018-053,H
018-054,H
018-055,H
019-001,I
019-002,I
019-003,I
019-004,I
019-005,I
019-006,I
019-007,I
019-008,I
019-009,I
019-010,I
019-011,I
019-012,I
019-013,I
019-014,I
019-015,I
019-016,I
019-017,I
019-018,I
019-019,I
019-020,I
019-021,I
019-022,I
019-023,I
019-024,I
019-025,I
019-026,I
019-027,I
019-028,I
019-029,I
019-030,I
019-031,I
019-032,I
019-033,I
019-034,I
019-035,I
019-036,I
019-037,I
019-038,I
019-039,I
019-040,I
019-041,I
019-042,I
019-043,I
019-044,I
019-045,I
019-046,I
019-047,I
019-048,I
019-049,I
019-050,I
019-051,I
019-052,I
019-053,I
019-054,I
019-055,I
020-001,J
020-002,J
020-003,J
020-004,J
020-005,J
020-006,J
020-007,J
020-008,J
020-009,J
020-010,J
020-011,J
020-012,J
020-013,J
020-014,J
020-015,J
020-016,J
020-017,J
020-018,J
020-019,J
020-020,J
020-021,J
020-022,J
020-023,J
020-024,J
020-025,J
020-026,J
020-027,J
020-028,J
020-029,J
020-030,J
020-031,J
020-032,J
020-033,J
020-034,J
020-035,J
020-036,J
020-037,J
020-038,J
020-039,J
020-040,J
020-041,J
020-042,J
020-043,J
020-044,J
020-045,J
020-046,J
020-047,J
020-048,J
020-049,J
020-050,J
020-051,J
020-052,J
020-053,J
020-054,J
020-055,J
021-001,K
021-002,K
021-003,K
021-004,K
021-005,K
021-006,K
021-007,K
021-008,K
021-009,K
021-010,K
021-011,K
021-012,K
021-013,K
021-014,K
021-015,K
021-016,K
021-017,K
021-018,K
021-019,K
021-020,K
021-021,K
021-022,K
021-023,K
021-024,K
021-025,K
021-026,K
021-027,K
021-028,K
021-029,K
021-030,K
021-031,K
021-032,K
021-033,K
021-034,K
021-035,K
021-036,K
021-037,K
021-038,K
021-039,K
021-040,K
021-041,K
021-042,K
021-043,K
021-044,K
021-045,K
021-046,K
021-047,K
021-048,K
021-049,K
021-050,K
021-051,K
021-052,K
021-053,K
021-054,K
021-055,K
022-001,L
022-002,L
022-003,L
022-004,L
022-005,L
022-006,L
022-007,L
022-008,L
022-009,L
022-010,L
022-011,L
022-012,L
022-013,L
022-014,L
022-015,L
022-016,L
022-017,L
022-018,L
022-019,L
022-020,L
022-021,L
022-022,L
022-023,L
022-024,L
022-025,L
022-026,L
022-027,L
022-028,L
022-029,L
022-030,L
022-031,L
022-032,L
022-033,L
022-034,L
022-035,L
022-036,L
022-037,L
022-038,L
022-039,L
022-040,L
022-041,L
022-042,L
022-043,L
022-044,L
022-045,L
022-046,L
022-047,L
022-048,L
022-049,L
022-050,L
022-051,L
022-052,L
022-053,L
022-054,L
022-055,L
023-001,M
023-002,M
023-003,M
023-004,M
023-005,M
023-006,M
023-007,M
023-008,M
023-009,M
023-010,M
023-011,M
023-012,M
023-013,M
023-014,M
023-015,M
023-016,M
023-017,M
023-018,M
023-019,M
023-020,M
023-021,M
023-022,M
023-023,M
023-024,M
023-025,M
023-026,M
023-027,M
023-028,M
023-029,M
023-030,M
023-031,M
023-032,M
023-033,M
023-034,M
023-035,M
023-036,M
023-037,M
023-038,M
023-039,M
023-040,M
023-041,M
023-042,M
023-043,M
023-044,M
023-045,M
023-046,M
023-047,M
023-048,M
023-049,M
023-050,M
023-051,M
023-052,M
023-053,M
023-054,M
023-055,M
024-001,N
024-002,N
024-003,N
024-004,N
024-005,N
024-006,N
024-007,N
024-008,N
024-009,N
024-010,N
024-011,N
024-012,N
024-013,N
024-014,N
024-015,N
024-016,N
024-017,N
024-018,N
024-019,N
024-020,N
024-021,N
024-022,N
024-023,N
024-024,N
024-025,N
024-026,N
024-027,N
024-028,N
024-029,N
024-030,N
024-031,N
024-032,N
024-033,N
024-034,N
024-035,N
024-036,N
024-037,N
024-038,N
024-039,N
024-040,N
024-041,N
024-042,N
024-043,N
024-044,N
024-045,N
024-046,N
024-047,N
024-048,N
024-049,N
024-050,N
024-051,N
024-052,N
024-053,N
024-054,N
024-055,N
025-001,O
025-002,O
025-003,O
025-004,O
025-005,O
025-006,O
025-007,O
025-008,O
025-009,O
025-010,O
025-011,O
025-012,O
025-013,O
025-014,O
025-015,O
025-016,O
025-017,O
025-018,O
025-019,O
025-020,O
025-021,O
025-022,O
025-023,O
025-024,O
025-025,O
025-026,O
025-027,O
025-028,O
025-029,O
025-030,O
025-031,O
025-032,O
025-033,O
025-034,O
025-035,O
025-036,O
025-037,O
025-038,O
025-039,O
025-040,O
025-041,O
025-042,O
025-043,O
025-044,O
025-045,O
025-046,O
025-047,O
025-048,O
025-049,O
025-050,O
025-051,O
025-052,O
025-053,O
025-054,O
025-055,O
026-001,P
026-002,P
026-003,P
026-004,P
026-005,P
026-006,P
026-007,P
026-008,P
026-009,P
026-010,P
026-011,P
026-012,P
026-013,P
026-014,P
026-015,P
026-016,P
026-017,P
026-018,P
026-019,P
026-020,P
026-021,P
026-022,P
026-023,P
026-024,P
026-025,P
026-026,P
026-027,P
026-028,P
026-029,P
026-030,P
026-031,P
026-032,P
026-033,P
026-034,P
026-035,P
026-036,P
026-037,P
026-038,P
026-039,P
026-040,P
026-041,P
026-042,P
026-043,P
026-044,P
026-045,P
026-046,P
026-047,P
026-048,P
026-049,P
026-050,P
026-051,P
026-052,P
026-053,P
026-054,P
026-055,P
027-001,Q
027-002,Q
027-003,Q
027-004,Q
027-005,Q
027-006,Q
027-007,Q
027-008,Q
027-009,Q
027-010,Q
027-011,Q
027-012,Q
027-013,Q
027-014,Q
027-015,Q
027-016,Q
027-017,Q
027-018,Q
027-019,Q
027-020,Q
027-021,Q
027-022,Q
027-023,Q
027-024,Q
027-025,Q
027-026,Q
027-027,Q
027-028,Q
027-029,Q
027-030,Q
027-031,Q
027-032,Q
027-033,Q
027-034,Q
027-035,Q
027-036,Q
027-037,Q
027-038,Q
027-039,Q
027-040,Q
027-041,Q
027-042,Q
027-043,Q
027-044,Q
027-045,Q
027-046,Q
027-047,Q
027-048,Q
027-049,Q
027-050,Q
027-051,Q
027-052,Q
027-053,Q
027-054,Q
027-055,Q
028-001,R
028-002,R
028-003,R
028-004,R
028-005,R
028-006,R
028-007,R
028-008,R
028-009,R
028-010,R
028-011,R
028-012,R
028-013,R
028-014,R
028-015,R
028-016,R
028-017,R
028-018,R
028-019,R
028-020,R
028-021,R
028-022,R
028-023,R
028-024,R
028-025,R
028-026,R
028-027,R
028-028,R
028-029,R
028-030,R
028-031,R
028-032,R
028-033,R
028-034,R
028-035,R
028-036,R
028-037,R
028-038,R
028-039,R
028-040,R
028-041,R
028-042,R
028-043,R
028-044,R
028-045,R
028-046,R
028-047,R
028-048,R
028-049,R
028-050,R
028-051,R
028-052,R
028-053,R
028-054,R
028-055,R
029-001,S
029-002,S
029-003,S
029-004,S
029-005,S
029-006,S
029-007,S
029-008,S
029-009,S
029-010,S
029-011,S
029-012,S
029-013,S
029-014,S
029-015,S
029-016,S
029-017,S
029-018,S
029-019,S
029-020,S
029-021,S
029-022,S
029-023,S
029-024,S
029-025,S
029-026,S
029-027,S
029-028,S
029-029,S
029-030,S
029-031,S
029-032,S
029-033,S
029-034,S
029-035,S
029-036,S
029-037,S
029-038,S
029-039,S
029-040,S
029-041,S
029-042,S
029-043,S
029-044,S
029-045,S
029-046,S
029-047,S
029-048,S
029-049,S
029-050,S
029-051,S
029-052,S
029-053,S
029-054,S
029-055,S
030-001,T
030-002,T
030-003,T
030-004,T
030-005,T
030-006,T
030-007,T
030-008,T
030-009,T
030-010,T
030-011,T
030-012,T
030-013,T
030-014,T
030-015,T
030-016,T
030-017,T
030-018,T
030-019,T
030-020,T
030-021,T
030-022,T
030-023,T
030-024,T
030-025,T
030-026,T
030-027,T
030-028,T
030-029,T
030-030,T
030-031,T
030-032,T
030-033,T
030-034,T
030-035,T
030-036,T
030-037,T
030-038,T
030-039,T
030-040,T
030-041,T
030-042,T
030-043,T
030-044,T
030-045,T
030-046,T
030-047,T
030-048,T
030-049,T
030-050,T
030-051,T
030-052,T
030-053,T
030-054,T
030-055,T
031-001,U
031-002,U
031-003,U
031-004,U
031-005,U
031-006,U
031-007,U
031-008,U
031-009,U
031-010,U
031-011,U
031-012,U
031-013,U
031-014,U
031-015,U
031-016,U
031-017,U
031-018,U
031-019,U
031-020,U
031-021,U
031-022,U
031-023,U
031-024,U
031-025,U
031-026,U
031-027,U
031-028,U
031-029,U
031-030,U
031-031,U
031-032,U
031-033,U
031-034,U
031-035,U
031-036,U
031-037,U
031-038,U
031-039,U
031-040,U
031-041,U
031-042,U
031-043,U
031-044,U
031-045,U
031-046,U
031-047,U
031-048,U
031-049,U
031-050,U
031-051,U
031-052,U
031-053,U
031-054,U
031-055,U
032-001,V
032-002,V
032-003,V
032-004,V
032-005,V
032-006,V
032-007,V
032-008,V
032-009,V
032-010,V
032-011,V
032-012,V
032-013,V
032-014,V
032-015,V
032-016,V
032-017,V
032-018,V
032-019,V
032-020,V
032-021,V
032-022,V
032-023,V
032-024,V
032-025,V
032-026,V
032-027,V
032-028,V
032-029,V
032-030,V
032-031,V
032-032,V
032-033,V
032-034,V
032-035,V
032-036,V
032-037,V
032-038,V
032-039,V
032-040,V
032-041,V
032-042,V
032-043,V
032-044,V
032-045,V
032-046,V
032-047,V
032-048,V
032-049,V
032-050,V
032-051,V
032-052,V
032-053,V
032-054,V
032-055,V
033-001,W
033-002,W
033-003,W
033-004,W
033-005,W
033-006,W
033-007,W
033-008,W
033-009,W
033-010,W
033-011,W
033-012,W
033-013,W
033-014,W
033-015,W
033-016,W
033-017,W
033-018,W
033-019,W
033-020,W
033-021,W
033-022,W
033-023,W
033-024,W
033-025,W
033-026,W
033-027,W
033-028,W
033-029,W
033-030,W
033-031,W
033-032,W
033-033,W
033-034,W
033-035,W
033-036,W
033-037,W
033-038,W
033-039,W
033-040,W
033-041,W
033-042,W
033-043,W
033-044,W
033-045,W
033-046,W
033-047,W
033-048,W
033-049,W
033-050,W
033-051,W
033-052,W
033-053,W
033-054,W
033-055,W
034-001,X
034-002,X
034-003,X
034-004,X
034-005,X
034-006,X
034-007,X
034-008,X
034-009,X
034-010,X
034-011,X
034-012,X
034-013,X
034-014,X
034-015,X
034-016,X
034-017,X
034-018,X
034-019,X
034-020,X
034-021,X
034-022,X
034-023,X
034-024,X
034-025,X
034-026,X
034-027,X
034-028,X
034-029,X
034-030,X
034-031,X
034-032,X
034-033,X
034-034,X
034-035,X
034-036,X
034-037,X
034-038,X
034-039,X
034-040,X
034-041,X
034-042,X
034-043,X
034-044,X
034-045,X
034-046,X
034-047,X
034-048,X
034-049,X
034-050,X
034-051,X
034-052,X
034-053,X
034-054,X
034-055,X
035-001,Y
035-002,Y
035-003,Y
035-004,Y
035-005,Y
035-006,Y
035-007,Y
035-008,Y
035-009,Y
035-010,Y
035-011,Y
035-012,Y
035-013,Y
035-014,Y
035-015,Y
035-016,Y
035-017,Y
035-018,Y
035-019,Y
035-020,Y
035-021,Y
035-022,Y
035-023,Y
035-024,Y
035-025,Y
035-026,Y
035-027,Y
035-028,Y
035-029,Y
035-030,Y
035-031,Y
035-032,Y
035-033,Y
035-034,Y
035-035,Y
035-036,Y
035-037,Y
035-038,Y
035-039,Y
035-040,Y
035-041,Y
035-042,Y
035-043,Y
035-044,Y
035-045,Y
035-046,Y
035-047,Y
035-048,Y
035-049,Y
035-050,Y
035-051,Y
035-052,Y
035-053,Y
035-054,Y
035-055,Y
036-001,Z
036-002,Z
036-003,Z
036-004,Z
036-005,Z
036-006,Z
036-007,Z
036-008,Z
036-009,Z
036-010,Z
036-011,Z
036-012,Z
036-013,Z
036-014,Z
036-015,Z
036-016,Z
036-017,Z
036-018,Z
036-019,Z
036-020,Z
036-021,Z
036-022,Z
036-023,Z
036-024,Z
036-025,Z
036-026,Z
036-027,Z
036-028,Z
036-029,Z
036-030,Z
036-031,Z
036-032,Z
036-033,Z
036-034,Z
036-035,Z
036-036,Z
036-037,Z
036-038,Z
036-039,Z
036-040,Z
036-041,Z
036-042,Z
036-043,Z
036-044,Z
036-045,Z
036-046,Z
036-047,Z
036-048,Z
036-049,Z
036-050,Z
036-051,Z
036-052,Z
036-053,Z
036-054,Z
036-055,Z
037-001,a
037-002,a
037-003,a
037-004,a
037-005,a
037-006,a
037-007,a
037-008,a
037-009,a
037-010,a
037-011,a
037-012,a
037-013,a
037-014,a
037-015,a
037-016,a
037-017,a
037-018,a
037-019,a
037-020,a
037-021,a
037-022,a
037-023,a
037-024,a
037-025,a
037-026,a
037-027,a
037-028,a
037-029,a
037-030,a
037-031,a
037-032,a
037-033,a
037-034,a
037-035,a
037-036,a
037-037,a
037-038,a
037-039,a
037-040,a
037-041,a
037-042,a
037-043,a
037-044,a
037-045,a
037-046,a
037-047,a
037-048,a
037-049,a
037-050,a
037-051,a
037-052,a
037-053,a
037-054,a
037-055,a
038-001,b
038-002,b
038-003,b
038-004,b
038-005,b
038-006,b
038-007,b
038-008,b
038-009,b
038-010,b
038-011,b
038-012,b
038-013,b
038-014,b
038-015,b
038-016,b
038-017,b
038-018,b
038-019,b
038-020,b
038-021,b
038-022,b
038-023,b
038-024,b
038-025,b
038-026,b
038-027,b
038-028,b
038-029,b
038-030,b
038-031,b
038-032,b
038-033,b
038-034,b
038-035,b
038-036,b
038-037,b
038-038,b
038-039,b
038-040,b
038-041,b
038-042,b
038-043,b
038-044,b
038-045,b
038-046,b
038-047,b
038-048,b
038-049,b
038-050,b
038-051,b
038-052,b
038-053,b
038-054,b
038-055,b
039-001,c
039-002,c
039-003,c
039-004,c
039-005,c
039-006,c
039-007,c
039-008,c
039-009,c
039-010,c
039-011,c
039-012,c
039-013,c
039-014,c
039-015,c
039-016,c
039-017,c
039-018,c
039-019,c
039-020,c
039-021,c
039-022,c
039-023,c
039-024,c
039-025,c
039-026,c
039-027,c
039-028,c
039-029,c
039-030,c
039-031,c
039-032,c
039-033,c
039-034,c
039-035,c
039-036,c
039-037,c
039-038,c
039-039,c
039-040,c
039-041,c
039-042,c
039-043,c
039-044,c
039-045,c
039-046,c
039-047,c
039-048,c
039-049,c
039-050,c
039-051,c
039-052,c
039-053,c
039-054,c
039-055,c
040-001,d
040-002,d
040-003,d
040-004,d
040-005,d
040-006,d
040-007,d
040-008,d
040-009,d
040-010,d
040-011,d
040-012,d
040-013,d
040-014,d
040-015,d
040-016,d
040-017,d
040-018,d
040-019,d
040-020,d
040-021,d
040-022,d
040-023,d
040-024,d
040-025,d
040-026,d
040-027,d
040-028,d
040-029,d
040-030,d
040-031,d
040-032,d
040-033,d
040-034,d
040-035,d
040-036,d
040-037,d
040-038,d
040-039,d
040-040,d
040-041,d
040-042,d
040-043,d
040-044,d
040-045,d
040-046,d
040-047,d
040-048,d
040-049,d
040-050,d
040-051,d
040-052,d
040-053,d
040-054,d
040-055,d
041-001,e
041-002,e
041-003,e
041-004,e
041-005,e
041-006,e
041-007,e
041-008,e
041-009,e
041-010,e
041-011,e
041-012,e
041-013,e
041-014,e
041-015,e
041-016,e
041-017,e
041-018,e
041-019,e
041-020,e
041-021,e
041-022,e
041-023,e
041-024,e
041-025,e
041-026,e
041-027,e
041-028,e
041-029,e
041-030,e
041-031,e
041-032,e
041-033,e
041-034,e
041-035,e
041-036,e
041-037,e
041-038,e
041-039,e
041-040,e
041-041,e
041-042,e
041-043,e
041-044,e
041-045,e
041-046,e
041-047,e
041-048,e
041-049,e
041-050,e
041-051,e
041-052,e
041-053,e
041-054,e
041-055,e
042-001,f
042-002,f
042-003,f
042-004,f
042-005,f
042-006,f
042-007,f
042-008,f
042-009,f
042-010,f
042-011,f
042-012,f
042-013,f
042-014,f
042-015,f
042-016,f
042-017,f
042-018,f
042-019,f
042-020,f
042-021,f
042-022,f
042-023,f
042-024,f
042-025,f
042-026,f
042-027,f
042-028,f
042-029,f
042-030,f
042-031,f
042-032,f
042-033,f
042-034,f
042-035,f
042-036,f
042-037,f
042-038,f
042-039,f
042-040,f
042-041,f
042-042,f
042-043,f
042-044,f
042-045,f
042-046,f
042-047,f
042-048,f
042-049,f
042-050,f
042-051,f
042-052,f
042-053,f
042-054,f
042-055,f
043-001,g
043-002,g
043-003,g
043-004,g
043-005,g
043-006,g
043-007,g
043-008,g
043-009,g
043-010,g
043-011,g
043-012,g
043-013,g
043-014,g
043-015,g
043-016,g
043-017,g
043-018,g
043-019,g
043-020,g
043-021,g
043-022,g
043-023,g
043-024,g
043-025,g
043-026,g
043-027,g
043-028,g
043-029,g
043-030,g
043-031,g
043-032,g
043-033,g
043-034,g
043-035,g
043-036,g
043-037,g
043-038,g
043-039,g
043-040,g
043-041,g
043-042,g
043-043,g
043-044,g
043-045,g
043-046,g
043-047,g
043-048,g
043-049,g
043-050,g
043-051,g
043-052,g
043-053,g
043-054,g
043-055,g
044-001,h
044-002,h
044-003,h
044-004,h
044-005,h
044-006,h
044-007,h
044-008,h
044-009,h
044-010,h
044-011,h
044-012,h
044-013,h
044-014,h
044-015,h
044-016,h
044-017,h
044-018,h
044-019,h
044-020,h
044-021,h
044-022,h
044-023,h
044-024,h
044-025,h
044-026,h
044-027,h
044-028,h
044-029,h
044-030,h
044-031,h
044-032,h
044-033,h
044-034,h
044-035,h
044-036,h
044-037,h
044-038,h
044-039,h
044-040,h
044-041,h
044-042,h
044-043,h
044-044,h
044-045,h
044-046,h
044-047,h
044-048,h
044-049,h
044-050,h
044-051,h
044-052,h
044-053,h
044-054,h
044-055,h
045-001,i
045-002,i
045-003,i
045-004,i
045-005,i
045-006,i
045-007,i
045-008,i
045-009,i
045-010,i
045-011,i
045-012,i
045-013,i
045-014,i
045-015,i
045-016,i
045-017,i
045-018,i
045-019,i
045-020,i
045-021,i
045-022,i
045-023,i
045-024,i
045-025,i
045-026,i
045-027,i
045-028,i
045-029,i
045-030,i
045-031,i
045-032,i
045-033,i
045-034,i
045-035,i
045-036,i
045-037,i
045-038,i
045-039,i
045-040,i
045-041,i
045-042,i
045-043,i
045-044,i
045-045,i
045-046,i
045-047,i
045-048,i
045-049,i
045-050,i
045-051,i
045-052,i
045-053,i
045-054,i
045-055,i
046-001,j
046-002,j
046-003,j
046-004,j
046-005,j
046-006,j
046-007,j
046-008,j
046-009,j
046-010,j
046-011,j
046-012,j
046-013,j
046-014,j
046-015,j
046-016,j
046-017,j
046-018,j
046-019,j
046-020,j
046-021,j
046-022,j
046-023,j
046-024,j
046-025,j
046-026,j
046-027,j
046-028,j
046-029,j
046-030,j
046-031,j
046-032,j
046-033,j
046-034,j
046-035,j
046-036,j
046-037,j
046-038,j
046-039,j
046-040,j
046-041,j
046-042,j
046-043,j
046-044,j
046-045,j
046-046,j
046-047,j
046-048,j
046-049,j
046-050,j
046-051,j
046-052,j
046-053,j
046-054,j
046-055,j
047-001,k
047-002,k
047-003,k
047-004,k
047-005,k
047-006,k
047-007,k
047-008,k
047-009,k
047-010,k
047-011,k
047-012,k
047-013,k
047-014,k
047-015,k
047-016,k
047-017,k
047-018,k
047-019,k
047-020,k
047-021,k
047-022,k
047-023,k
047-024,k
047-025,k
047-026,k
047-027,k
047-028,k
047-029,k
047-030,k
047-031,k
047-032,k
047-033,k
047-034,k
047-035,k
047-036,k
047-037,k
047-038,k
047-039,k
047-040,k
047-041,k
047-042,k
047-043,k
047-044,k
047-045,k
047-046,k
047-047,k
047-048,k
047-049,k
047-050,k
047-051,k
047-052,k
047-053,k
047-054,k
047-055,k
048-001,l
048-002,l
048-003,l
048-004,l
048-005,l
048-006,l
048-007,l
048-008,l
048-009,l
048-010,l
048-011,l
048-012,l
048-013,l
048-014,l
048-015,l
048-016,l
048-017,l
048-018,l
048-019,l
048-020,l
048-021,l
048-022,l
048-023,l
048-024,l
048-025,l
048-026,l
048-027,l
048-028,l
048-029,l
048-030,l
048-031,l
048-032,l
048-033,l
048-034,l
048-035,l
048-036,l
048-037,l
048-038,l
048-039,l
048-040,l
048-041,l
048-042,l
048-043,l
048-044,l
048-045,l
048-046,l
048-047,l
048-048,l
048-049,l
048-050,l
048-051,l
048-052,l
048-053,l
048-054,l
048-055,l
049-001,m
049-002,m
049-003,m
049-004,m
049-005,m
049-006,m
049-007,m
049-008,m
049-009,m
049-010,m
049-011,m
049-012,m
049-013,m
049-014,m
049-015,m
049-016,m
049-017,m
049-018,m
049-019,m
049-020,m
049-021,m
049-022,m
049-023,m
049-024,m
049-025,m
049-026,m
049-027,m
049-028,m
049-029,m
049-030,m
049-031,m
049-032,m
049-033,m
049-034,m
049-035,m
049-036,m
049-037,m
049-038,m
049-039,m
049-040,m
049-041,m
049-042,m
049-043,m
049-044,m
049-045,m
049-046,m
049-047,m
049-048,m
049-049,m
049-050,m
049-051,m
049-052,m
049-053,m
049-054,m
049-055,m
050-001,n
050-002,n
050-003,n
050-004,n
050-005,n
050-006,n
050-007,n
050-008,n
050-009,n
050-010,n
050-011,n
050-012,n
050-013,n
050-014,n
050-015,n
050-016,n
050-017,n
050-018,n
050-019,n
050-020,n
050-021,n
050-022,n
050-023,n
050-024,n
050-025,n
050-026,n
050-027,n
050-028,n
050-029,n
050-030,n
050-031,n
050-032,n
050-033,n
050-034,n
050-035,n
050-036,n
050-037,n
050-038,n
050-039,n
050-040,n
050-041,n
050-042,n
050-043,n
050-044,n
050-045,n
050-046,n
050-047,n
050-048,n
050-049,n
050-050,n
050-051,n
050-052,n
050-053,n
050-054,n
050-055,n
051-001,o
051-002,o
051-003,o
051-004,o
051-005,o
051-006,o
051-007,o
051-008,o
051-009,o
051-010,o
051-011,o
051-012,o
051-013,o
051-014,o
051-015,o
051-016,o
051-017,o
051-018,o
051-019,o
051-020,o
051-021,o
051-022,o
051-023,o
051-024,o
051-025,o
051-026,o
051-027,o
051-028,o
051-029,o
051-030,o
051-031,o
051-032,o
051-033,o
051-034,o
051-035,o
051-036,o
051-037,o
051-038,o
051-039,o
051-040,o
051-041,o
051-042,o
051-043,o
051-044,o
051-045,o
051-046,o
051-047,o
051-048,o
051-049,o
051-050,o
051-051,o
051-052,o
051-053,o
051-054,o
051-055,o
052-001,p
052-002,p
052-003,p
052-004,p
052-005,p
052-006,p
052-007,p
052-008,p
052-009,p
052-010,p
052-011,p
052-012,p
052-013,p
052-014,p
052-015,p
052-016,p
052-017,p
052-018,p
052-019,p
052-020,p
052-021,p
052-022,p
052-023,p
052-024,p
052-025,p
052-026,p
052-027,p
052-028,p
052-029,p
052-030,p
052-031,p
052-032,p
052-033,p
052-034,p
052-035,p
052-036,p
052-037,p
052-038,p
052-039,p
052-040,p
052-041,p
052-042,p
052-043,p
052-044,p
052-045,p
052-046,p
052-047,p
052-048,p
052-049,p
052-050,p
052-051,p
052-052,p
052-053,p
052-054,p
052-055,p
053-001,q
053-002,q
053-003,q
053-004,q
053-005,q
053-006,q
053-007,q
053-008,q
053-009,q
053-010,q
053-011,q
053-012,q
053-013,q
053-014,q
053-015,q
053-016,q
053-017,q
053-018,q
053-019,q
053-020,q
053-021,q
053-022,q
053-023,q
053-024,q
053-025,q
053-026,q
053-027,q
053-028,q
053-029,q
053-030,q
053-031,q
053-032,q
053-033,q
053-034,q
053-035,q
053-036,q
053-037,q
053-038,q
053-039,q
053-040,q
053-041,q
053-042,q
053-043,q
053-044,q
053-045,q
053-046,q
053-047,q
053-048,q
053-049,q
053-050,q
053-051,q
053-052,q
053-053,q
053-054,q
053-055,q
054-001,r
054-002,r
054-003,r
054-004,r
054-005,r
054-006,r
054-007,r
054-008,r
054-009,r
054-010,r
054-011,r
054-012,r
054-013,r
054-014,r
054-015,r
054-016,r
054-017,r
054-018,r
054-019,r
054-020,r
054-021,r
054-022,r
054-023,r
054-024,r
054-025,r
054-026,r
054-027,r
054-028,r
054-029,r
054-030,r
054-031,r
054-032,r
054-033,r
054-034,r
054-035,r
054-036,r
054-037,r
054-038,r
054-039,r
054-040,r
054-041,r
054-042,r
054-043,r
054-044,r
054-045,r
054-046,r
054-047,r
054-048,r
054-049,r
054-050,r
054-051,r
054-052,r
054-053,r
054-054,r
054-055,r
055-001,s
055-002,s
055-003,s
055-004,s
055-005,s
055-006,s
055-007,s
055-008,s
055-009,s
055-010,s
055-011,s
055-012,s
055-013,s
055-014,s
055-015,s
055-016,s
055-017,s
055-018,s
055-019,s
055-020,s
055-021,s
055-022,s
055-023,s
055-024,s
055-025,s
055-026,s
055-027,s
055-028,s
055-029,s
055-030,s
055-031,s
055-032,s
055-033,s
055-034,s
055-035,s
055-036,s
055-037,s
055-038,s
055-039,s
055-040,s
055-041,s
055-042,s
055-043,s
055-044,s
055-045,s
055-046,s
055-047,s
055-048,s
055-049,s
055-050,s
055-051,s
055-052,s
055-053,s
055-054,s
055-055,s
056-001,t
056-002,t
056-003,t
056-004,t
056-005,t
056-006,t
056-007,t
056-008,t
056-009,t
056-010,t
056-011,t
056-012,t
056-013,t
056-014,t
056-015,t
056-016,t
056-017,t
056-018,t
056-019,t
056-020,t
056-021,t
056-022,t
056-023,t
056-024,t
056-025,t
056-026,t
056-027,t
056-028,t
056-029,t
056-030,t
056-031,t
056-032,t
056-033,t
056-034,t
056-035,t
056-036,t
056-037,t
056-038,t
056-039,t
056-040,t
056-041,t
056-042,t
056-043,t
056-044,t
056-045,t
056-046,t
056-047,t
056-048,t
056-049,t
056-050,t
056-051,t
056-052,t
056-053,t
056-054,t
056-055,t
057-001,u
057-002,u
057-003,u
057-004,u
057-005,u
057-006,u
057-007,u
057-008,u
057-009,u
057-010,u
057-011,u
057-012,u
057-013,u
057-014,u
057-015,u
057-016,u
057-017,u
057-018,u
057-019,u
057-020,u
057-021,u
057-022,u
057-023,u
057-024,u
057-025,u
057-026,u
057-027,u
057-028,u
057-029,u
057-030,u
057-031,u
057-032,u
057-033,u
057-034,u
057-035,u
057-036,u
057-037,u
057-038,u
057-039,u
057-040,u
057-041,u
057-042,u
057-043,u
057-044,u
057-045,u
057-046,u
057-047,u
057-048,u
057-049,u
057-050,u
057-051,u
057-052,u
057-053,u
057-054,u
057-055,u
058-001,v
058-002,v
058-003,v
058-004,v
058-005,v
058-006,v
058-007,v
058-008,v
058-009,v
058-010,v
058-011,v
058-012,v
058-013,v
058-014,v
058-015,v
058-016,v
058-017,v
058-018,v
058-019,v
058-020,v
058-021,v
058-022,v
058-023,v
058-024,v
058-025,v
058-026,v
058-027,v
058-028,v
058-029,v
058-030,v
058-031,v
058-032,v
058-033,v
058-034,v
058-035,v
058-036,v
058-037,v
058-038,v
058-039,v
058-040,v
058-041,v
058-042,v
058-043,v
058-044,v
058-045,v
058-046,v
058-047,v
058-048,v
058-049,v
058-050,v
058-051,v
058-052,v
058-053,v
058-054,v
058-055,v
059-001,w
059-002,w
059-003,w
059-004,w
059-005,w
059-006,w
059-007,w
059-008,w
059-009,w
059-010,w
059-011,w
059-012,w
059-013,w
059-014,w
059-015,w
059-016,w
059-017,w
059-018,w
059-019,w
059-020,w
059-021,w
059-022,w
059-023,w
059-024,w
059-025,w
059-026,w
059-027,w
059-028,w
059-029,w
059-030,w
059-031,w
059-032,w
059-033,w
059-034,w
059-035,w
059-036,w
059-037,w
059-038,w
059-039,w
059-040,w
059-041,w
059-042,w
059-043,w
059-044,w
059-045,w
059-046,w
059-047,w
059-048,w
059-049,w
059-050,w
059-051,w
059-052,w
059-053,w
059-054,w
059-055,w
060-001,x
060-002,x
060-003,x
060-004,x
060-005,x
060-006,x
060-007,x
060-008,x
060-009,x
060-010,x
060-011,x
060-012,x
060-013,x
060-014,x
060-015,x
060-016,x
060-017,x
060-018,x
060-019,x
060-020,x
060-021,x
060-022,x
060-023,x
060-024,x
060-025,x
060-026,x
060-027,x
060-028,x
060-029,x
060-030,x
060-031,x
060-032,x
060-033,x
060-034,x
060-035,x
060-036,x
060-037,x
060-038,x
060-039,x
060-040,x
060-041,x
060-042,x
060-043,x
060-044,x
060-045,x
060-046,x
060-047,x
060-048,x
060-049,x
060-050,x
060-051,x
060-052,x
060-053,x
060-054,x
060-055,x
061-001,y
061-002,y
061-003,y
061-004,y
061-005,y
061-006,y
061-007,y
061-008,y
061-009,y
061-010,y
061-011,y
061-012,y
061-013,y
061-014,y
061-015,y
061-016,y
061-017,y
061-018,y
061-019,y
061-020,y
061-021,y
061-022,y
061-023,y
061-024,y
061-025,y
061-026,y
061-027,y
061-028,y
061-029,y
061-030,y
061-031,y
061-032,y
061-033,y
061-034,y
061-035,y
061-036,y
061-037,y
061-038,y
061-039,y
061-040,y
061-041,y
061-042,y
061-043,y
061-044,y
061-045,y
061-046,y
061-047,y
061-048,y
061-049,y
061-050,y
061-051,y
061-052,y
061-053,y
061-054,y
061-055,y
062-001,z
062-002,z
062-003,z
062-004,z
062-005,z
062-006,z
062-007,z
062-008,z
062-009,z
062-010,z
062-011,z
062-012,z
062-013,z
062-014,z
062-015,z
062-016,z
062-017,z
062-018,z
062-019,z
062-020,z
062-021,z
062-022,z
062-023,z
062-024,z
062-025,z
062-026,z
062-027,z
062-028,z
062-029,z
062-030,z
062-031,z
062-032,z
062-033,z
062-034,z
062-035,z
062-036,z
062-037,z
062-038,z
062-039,z
062-040,z
062-041,z
062-042,z
062-043,z
062-044,z
062-045,z
062-046,z
062-047,z
062-048,z
062-049,z
062-050,z
062-051,z
062-052,z
062-053,z
062-054,z
062-055,z
